{
  "config": [
    [
      0.7783413651338179,
      0.7143392596222786,
      0.5936264731027777,
      0.5122222179871755,
      0.29466504588455805
    ],
    [
      0.7755029284441048,
      0.7580290921200011,
      0.5995003947834138,
      0.5432851670648917,
      0.3361504656959202
    ],
    [
      0.8478835978835978,
      0.8066017316017315,
      0.0,
      0.4594841697608496,
      0.3107451372157254
    ]
  ],
  "config_bert": [
    [
      0.5062266016811473,
      0.44348244348244353,
      0.4977510023092071,
      0.40997998417353254,
      0.12357864357864361
    ],
    [
      0.5148760330578512,
      0.5483626713981106,
      0.43103917016960497,
      0.3969857303190637,
      0.2853198653198653
    ],
    [
      0.6094354878837637,
      0.6510059544542303,
      0.0,
      0.0,
      0.0
    ]
  ]
}